{
  "env": {
    "FRAMEWORK_PROVIDER": "rest",
    "NEXT_PUBLIC_REST_API_ENDPOINT": "https://localhost",
    "NEXT_PUBLIC_GRAPHQL_API_ENDPOINT": "https://localhost",
    "NEXT_PUBLIC_SITE_URL": "https://localhost",
    "NEXT_PUBLIC_STRIPE_PUBLISHABLE_KEY": "",
    "NEXTAUTH_URL": "https://localhost",
    "SECRET": "test",
    "GOOGLE_CLIENT_ID": "",
    "GOOGLE_CLIENT_SECRET": "",
    "NEXT_PUBLIC_ADMIN_URL": "",
    "NEXT_PUBLIC_PAYPAL_CLIENT_TOKEN": "",
    "NEXT_PUBLIC_RAZORPAY_KEY": "",
    "APPLICATION_MODE": "production",
    "NEXT_PUBLIC_DEFAULT_LANGUAGE": "en",
    "NEXT_PUBLIC_ENABLE_MULTI_LANG": "false",
    "NEXT_PUBLIC_AVAILABLE_LANGUAGES": "en",
    "NEXT_PUBLIC_GOOGLE_MAP_API_KEY": "",
    "NEXT_PUBLIC_PAYSTACK_KEY": ""
  },
  "build": {
    "env": {
      "FRAMEWORK_PROVIDER": "rest",
      "NEXT_PUBLIC_REST_API_ENDPOINT": "https://localhost",
      "NEXT_PUBLIC_GRAPHQL_API_ENDPOINT": "https://localhost",
      "NEXT_PUBLIC_SITE_URL": "https://localhost",
      "NEXT_PUBLIC_STRIPE_PUBLISHABLE_KEY": "",
      "NEXTAUTH_URL": "https://localhost/",
      "SECRET": "test",
      "GOOGLE_CLIENT_ID": "",
      "GOOGLE_CLIENT_SECRET": "",
      "NEXT_PUBLIC_ADMIN_URL": "",
      "NEXT_PUBLIC_PAYPAL_CLIENT_TOKEN": "",
      "NEXT_PUBLIC_RAZORPAY_KEY": "",
      "APPLICATION_MODE": "production",
      "NEXT_PUBLIC_DEFAULT_LANGUAGE": "en",
      "NEXT_PUBLIC_ENABLE_MULTI_LANG": "false",
      "NEXT_PUBLIC_AVAILABLE_LANGUAGES": "en",
      "NEXT_PUBLIC_GOOGLE_MAP_API_KEY": "",
      "NEXT_PUBLIC_PAYSTACK_KEY": ""
    }
  }
}
